{
    "SettingsTitle": "Einstellungen",
    "Preset": "Voreinstellung",
    "Modeset": "Modus",
    "DNSV4Address": "DNS v4 Adresse",
    "DNSV6Address": "DNS v6 Adresse",
    "TTL": "TTL",
    "DNSV4Port": "DNS v4 Port",
    "DNSV6Port": "DNS v6 Port",
    "LaunchOnStart": "Beim Systemstart ausführen",
    "ActivateOnStart": "Beim Programmstart aktivieren",
    "Language": "Sprache",
    "Reset": "Zurücksetzen",
    "SaveChanges": "Änderungen speichern",
    "Start": "Starten",
    "Stop": "Stoppen",
    "AppTitle": "Goodbye Ahmet",
    "Show": "Anzeigen",
    "Exit": "Beenden",
    "RunningInBackground": "Läuft im Hintergrund",
    "SettingsSaved": "Einstellungen gespeichert.",
    "SettingsReset": "Einstellungen zurückgesetzt.",
    "AdjustParameters": "Verbindungsparameter anpassen",
    "AdvancedParameters": "ERWEITERTE PARAMETER",
    "Connected": "VERBUNDEN",
    "Disconnected": "GETRENNT",
    "Using": "Verwendet: {0}",
    "About": "Über",
    "AboutContent": "Goodbye Ahmet - DPI-Sicherheitstool\nVersion 1.0\n\nGoodbye Ahmet ist eine GUI, die Ihnen hilft, Deep Packet Inspection (DPI)-Systeme zu umgehen und frei auf blockierte Websites zuzugreifen.\n\nDiese Anwendung basiert auf dem Projekt GoodbyeDPI.\n\nCredits:\nGoodbyeDPI von ValdikSS\nhttps://github.com/ValdikSS/GoodbyeDPI"
}