{
    "SettingsTitle": "Ρυθμίσεις",
    "Preset": "Προεπιλογή",
    "Modeset": "Λειτουργία",
    "DNSV4Address": "Διεύθυνση DNS v4",
    "DNSV6Address": "Διεύθυνση DNS v6",
    "TTL": "TTL",
    "DNSV4Port": "Θύρα DNS v4",
    "DNSV6Port": "Θύρα DNS v6",
    "LaunchOnStart": "Έναρξη κατά την εκκίνηση του συστήματος",
    "ActivateOnStart": "Ενεργοποίηση κατά την εκκίνηση του προγράμματος",
    "Language": "Γλώσσα",
    "Reset": "Επαναφορά",
    "SaveChanges": "Αποθήκευση αλλαγών",
    "Start": "Έναρξη",
    "Stop": "Διακοπή",
    "AppTitle": "Goodbye Ahmet",
    "Show": "Εμφάνιση",
    "Exit": "Έξοδος",
    "RunningInBackground": "Εκτέλεση στο παρασκήνιο",
    "SettingsSaved": "Οι ρυθμίσεις αποθηκεύτηκαν.",
    "SettingsReset": "Επαναφορά ρυθμίσεων.",
    "AdjustParameters": "Προσαρμογή παραμέτρων σύνδεσης",
    "AdvancedParameters": "ΠΡΟΗΓΜΕΝΕΣ ΠΑΡΑΜΕΤΡΟΙ",
    "Connected": "ΣΥΝΔΕΔΕΜΕΝΟ",
    "Disconnected": "ΑΠΟΣΥΝΔΕΔΕΜΕΝΟ",
    "Using": "Χρήση: {0}",
    "About": "Σχετικά",
    "AboutContent": "Goodbye Ahmet - Εργαλείο Ασφαλείας DPI\nΈκδοση 1.0\n\nΤο Goodbye Ahmet είναι ένα περιβάλλον εργασίας χρήστη σχεδιασμένο για να σας βοηθήσει να παρακάμψετε συστήματα Deep Packet Inspection (DPI) και να έχετε ελεύθερη πρόσβαση σε αποκλεισμένους ιστότοπους.\n\nΑυτή η εφαρμογή τροφοδοτείται από το έργο GoodbyeDPI.\n\nΣυντελεστές:\nGoodbyeDPI από ValdikSS\nhttps://github.com/ValdikSS/GoodbyeDPI"
}