{
  "SettingsTitle": "Settings",
  "Preset": "Preset",
  "Modeset": "Modeset",
  "DNSV4Address": "DNS v4 Address",
  "DNSV6Address": "DNS v6 Address",
  "TTL": "TTL",
  "DNSV4Port": "DNS v4 Port",
  "DNSV6Port": "DNS v6 Port",
  "LaunchOnStart": "Launch on System Startup",
  "ActivateOnStart": "Activate on Program Launch",
  "Language": "Language",
  "Reset": "Reset",
  "SaveChanges": "Save Changes",
  "Start": "Start",
  "Stop": "Stop",
  "AppTitle": "Goodbye Ahmet",
  "Show": "Show",
  "Exit": "Exit",
  "RunningInBackground": "Running in background",
  "SettingsSaved": "Settings saved.",
  "SettingsReset": "Settings reset.",
  "AdjustParameters": "Adjust connection parameters",
  "AdvancedParameters": "ADVANCED PARAMETERS",
  "Connected": "CONNECTED",
  "Disconnected": "DISCONNECTED",
  "Using": "Using: {0}",
  "About": "About",
  "AboutContent": "Goodbye Ahmet - DPI Security Tool\nVersion 1.0\n\nGoodbye Ahmet is a GUI wrapper designed to help you bypass Deep Packet Inspection (DPI) systems and access blocked websites freely.\n\nThis application is powered by the GoodbyeDPI project.\n\nCredits:\nGoodbyeDPI by ValdikSS\nhttps://github.com/ValdikSS/GoodbyeDPI"
}