{
    "SettingsTitle": "Configuración",
    "Preset": "Preajuste",
    "Modeset": "Modo",
    "DNSV4Address": "Dirección DNS v4",
    "DNSV6Address": "Dirección DNS v6",
    "TTL": "TTL",
    "DNSV4Port": "Puerto DNS v4",
    "DNSV6Port": "Puerto DNS v6",
    "LaunchOnStart": "Iniciar al arrancar el sistema",
    "ActivateOnStart": "Activar al iniciar el programa",
    "Language": "Idioma",
    "Reset": "Restablecer",
    "SaveChanges": "Guardar cambios",
    "Start": "Iniciar",
    "Stop": "Detener",
    "AppTitle": "Goodbye Ahmet",
    "Show": "Mostrar",
    "Exit": "Salir",
    "RunningInBackground": "Ejecutándose en segundo plano",
    "SettingsSaved": "Configuración guardada.",
    "SettingsReset": "Configuración restablecida.",
    "AdjustParameters": "Ajustar parámetros de conexión",
    "AdvancedParameters": "PARÁMETROS AVANZADOS",
    "Connected": "CONECTADO",
    "Disconnected": "DESCONECTADO",
    "Using": "Usando: {0}",
    "About": "Acerca de",
    "AboutContent": "Goodbye Ahmet - Herramienta de seguridad DPI\nVersión 1.0\n\nGoodbye Ahmet es una interfaz gráfica diseñada para ayudarle a evadir sistemas de Inspección Profunda de Paquetes (DPI) y acceder libremente a sitios bloqueados.\n\nEsta aplicación está impulsada por el proyecto GoodbyeDPI.\n\nCréditos:\nGoodbyeDPI por ValdikSS\nhttps://github.com/ValdikSS/GoodbyeDPI"
}