{
    "SettingsTitle": "Paramètres",
    "Preset": "Préréglage",
    "Modeset": "Modeset",
    "DNSV4Address": "Adresse DNS v4",
    "DNSV6Address": "Adresse DNS v6",
    "TTL": "TTL",
    "DNSV4Port": "Port DNS v4",
    "DNSV6Port": "Port DNS v6",
    "LaunchOnStart": "Lancer au démarrage du système",
    "ActivateOnStart": "Activer au lancement du programme",
    "Language": "Langue",
    "Reset": "Réinitialiser",
    "SaveChanges": "Enregistrer les modifications",
    "Start": "Démarrer",
    "Stop": "Arrêter",
    "AppTitle": "Goodbye Ahmet",
    "Show": "Afficher",
    "Exit": "Quitter",
    "RunningInBackground": "Exécution en arrière-plan",
    "SettingsSaved": "Paramètres enregistrés.",
    "SettingsReset": "Paramètres réinitialisés.",
    "AdjustParameters": "Ajuster les paramètres de connexion",
    "AdvancedParameters": "PARAMÈTRES AVANCÉS",
    "Connected": "CONNECTÉ",
    "Disconnected": "DÉCONNECTÉ",
    "Using": "Utilisation : {0}",
    "About": "À propos",
    "AboutContent": "Goodbye Ahmet - Outil de sécurité DPI\nVersion 1.0\n\nGoodbye Ahmet est une interface graphique conçue pour vous aider à contourner les systèmes d'inspection approfondie des paquets (DPI) et d'accéder librement aux sites bloqués.\n\nCette application est propulsée par le projet GoodbyeDPI.\n\nCrédits :\nGoodbyeDPI par ValdikSS\nhttps://github.com/ValdikSS/GoodbyeDPI"
}