{
    "SettingsTitle": "Definições",
    "Preset": "Predefinição",
    "Modeset": "Modo",
    "DNSV4Address": "Endereço DNS v4",
    "DNSV6Address": "Endereço DNS v6",
    "TTL": "TTL",
    "DNSV4Port": "Porta DNS v4",
    "DNSV6Port": "Porta DNS v6",
    "LaunchOnStart": "Iniciar com o sistema",
    "ActivateOnStart": "Ativar ao iniciar o programa",
    "Language": "Idioma",
    "Reset": "Redefinir",
    "SaveChanges": "Guardar Alterações",
    "Start": "Iniciar",
    "Stop": "Parar",
    "AppTitle": "Goodbye Ahmet",
    "Show": "Mostrar",
    "Exit": "Sair",
    "RunningInBackground": "A executar em segundo plano",
    "SettingsSaved": "Definições guardadas.",
    "SettingsReset": "Definições redefinidas.",
    "AdjustParameters": "Ajustar parâmetros de ligação",
    "AdvancedParameters": "PARÂMETROS AVANÇADOS",
    "Connected": "LIGADO",
    "Disconnected": "DESLIGADO",
    "Using": "A usar: {0}",
    "About": "Sobre",
    "AboutContent": "Goodbye Ahmet - Ferramenta de Segurança DPI\nVersão 1.0\n\nGoodbye Ahmet é uma interface gráfica desenhada para o ajudar a contornar sistemas de Inspeção Profunda de Pacotes (DPI) e aceder livremente a sites bloqueados.\n\nEsta aplicação é baseada no projeto GoodbyeDPI.\n\nCréditos:\nGoodbyeDPI por ValdikSS\nhttps://github.com/ValdikSS/GoodbyeDPI"
}