{
    "SettingsTitle": "Настройки",
    "Preset": "Пресет",
    "Modeset": "Режим",
    "DNSV4Address": "DNS v4 адрес",
    "DNSV6Address": "DNS v6 адрес",
    "TTL": "TTL",
    "DNSV4Port": "DNS v4 порт",
    "DNSV6Port": "DNS v6 порт",
    "LaunchOnStart": "Запускать при старте системы",
    "ActivateOnStart": "Активировать при запуске программы",
    "Language": "Язык",
    "Reset": "Сброс",
    "SaveChanges": "Сохранить",
    "Start": "Запуск",
    "Stop": "Стоп",
    "AppTitle": "Goodbye Ahmet",
    "Show": "Показать",
    "Exit": "Выход",
    "RunningInBackground": "Работает в фоне",
    "SettingsSaved": "Настройки сохранены.",
    "SettingsReset": "Настройки сброшены.",
    "AdjustParameters": "Настройка параметров соединения",
    "AdvancedParameters": "РАСШИРЕННЫЕ ПАРАМЕТРЫ",
    "Connected": "ПОДКЛЮЧЕНО",
    "Disconnected": "ОТКЛЮЧЕНО",
    "Using": "Используется: {0}",
    "About": "О программе",
    "AboutContent": "Goodbye Ahmet - Инструмент DPI безопасности\nВерсия 1.0\n\nGoodbye Ahmet — это графическая оболочка, предназначенная для обхода систем глубокой инспекции пакетов (DPI) и свободного доступа к заблокированным сайтам.\n\nЭто приложение основано на проекте GoodbyeDPI.\n\nКредиты:\nGoodbyeDPI от ValdikSS\nhttps://github.com/ValdikSS/GoodbyeDPI"
}