{
  "SettingsTitle": "Ayarlar",
  "Preset": "Önayar",
  "Modeset": "Modeset",
  "DNSV4Address": "DNS v4 Adresi",
  "DNSV6Address": "DNS v6 Adresi",
  "TTL": "TTL",
  "DNSV4Port": "DNS v4 Portu",
  "DNSV6Port": "DNS v6 Portu",
  "LaunchOnStart": "Sistem Başlangıcında Çalıştır",
  "ActivateOnStart": "Program Açılışında Aktifleştir",
  "Language": "Dil",
  "Reset": "Sıfırla",
  "SaveChanges": "Değişiklikleri Kaydet",
  "Start": "Başlat",
  "Stop": "Durdur",
  "AppTitle": "Goodbye Ahmet",
  "Show": "Göster",
  "Exit": "Çıkış",
  "RunningInBackground": "Arka planda çalışıyor",
  "SettingsSaved": "Ayarlar kaydedildi.",
  "SettingsReset": "Ayarlar sıfırlandı.",
  "AdjustParameters": "Bağlantı parametrelerini ayarla",
  "AdvancedParameters": "GELİŞMİŞ PARAMETRELER",
  "Connected": "BAĞLANDI",
  "Disconnected": "BAĞLANTI YOK",
  "Using": "Kullanılan: {0}",
  "About": "Hakkında",
  "AboutContent": "Goodbye Ahmet - DPI Güvenlik Aracı\nSürüm 1.0\n\nGoodbye Ahmet, Derin Paket İnceleme (DPI) sistemlerini aşmanıza ve engelli web sitelerine özgürce erişmenize yardımcı olmak için tasarlanmış bir arayüzdür.\n\nBu uygulama GoodbyeDPI projesini temel almaktadır.\n\nEmeği Geçenler:\nValdikSS tarafından geliştirilen GoodbyeDPI\nhttps://github.com/ValdikSS/GoodbyeDPI"
}