{
    "SettingsTitle": "设置",
    "Preset": "预设",
    "Modeset": "模式集",
    "DNSV4Address": "DNS v4 地址",
    "DNSV6Address": "DNS v6 地址",
    "TTL": "TTL",
    "DNSV4Port": "DNS v4 端口",
    "DNSV6Port": "DNS v6 端口",
    "LaunchOnStart": "开机自启",
    "ActivateOnStart": "程序启动时激活",
    "Language": "语言",
    "Reset": "重置",
    "SaveChanges": "保存更改",
    "Start": "启动",
    "Stop": "停止",
    "AppTitle": "Goodbye Ahmet",
    "Show": "显示",
    "Exit": "退出",
    "RunningInBackground": "在后台运行",
    "SettingsSaved": "设置已保存。",
    "SettingsReset": "设置已重置。",
    "AdjustParameters": "调整连接参数",
    "AdvancedParameters": "高级参数",
    "Connected": "已连接",
    "Disconnected": "未连接",
    "Using": "使用中: {0}",
    "About": "关于",
    "AboutContent": "Goodbye Ahmet - DPI 安全工具\n版本 1.0\n\nGoodbye Ahmet 是一个图形界面工具，旨在帮助您绕过深度包检测 (DPI) 系统并自由访问被封锁的网站。\n\n本应用程序基于 GoodbyeDPI 项目。\n\n鸣谢:\nGoodbyeDPI by ValdikSS\nhttps://github.com/ValdikSS/GoodbyeDPI"
}