{
    "SettingsTitle": "設定",
    "Preset": "預設",
    "Modeset": "模式集",
    "DNSV4Address": "DNS v4 位址",
    "DNSV6Address": "DNS v6 位址",
    "TTL": "TTL",
    "DNSV4Port": "DNS v4 連接埠",
    "DNSV6Port": "DNS v6 連接埠",
    "LaunchOnStart": "開機自啟",
    "ActivateOnStart": "程式啟動時啟用",
    "Language": "語言",
    "Reset": "重設",
    "SaveChanges": "儲存變更",
    "Start": "啟動",
    "Stop": "停止",
    "AppTitle": "Goodbye Ahmet",
    "Show": "顯示",
    "Exit": "離開",
    "RunningInBackground": "在背景執行",
    "SettingsSaved": "設定已儲存。",
    "SettingsReset": "設定已重設。",
    "AdjustParameters": "調整連線參數",
    "AdvancedParameters": "進階參數",
    "Connected": "已連線",
    "Disconnected": "未連線",
    "Using": "使用中: {0}",
    "About": "關於",
    "AboutContent": "Goodbye Ahmet - DPI 安全工具\n版本 1.0\n\nGoodbye Ahmet 是一個圖形介面工具，旨在協助您繞過深度封包檢測 (DPI) 系統並自由存取被封鎖的網站。\n\n本應用程式基於 GoodbyeDPI 專案。\n\n鳴謝:\nGoodbyeDPI by ValdikSS\nhttps://github.com/ValdikSS/GoodbyeDPI"
}